Name,Age,Country
Ali Lopez,18,Saudi Arabia
Ali Davis,50,Saudi Arabia
Jane Smith,68,Saudi Arabia
Ahmed Garcia,21,Saudi Arabia
Jane Williams,33,Saudi Arabia
Fatima Williams,21,Saudi Arabia
John Johnson,61,Saudi Arabia
Sophia Hassan,32,Saudi Arabia
John Lopez,62,Saudi Arabia
Michael Williams,63,Saudi Arabia
John Garcia,27,Saudi Arabia
Michael Brown,26,Saudi Arabia
Emma Davis,56,Saudi Arabia
Liam Smith,73,Saudi Arabia
Sophia Jones,30,Saudi Arabia
Emma Jones,43,Saudi Arabia
Sara Johnson,60,Saudi Arabia
Michael Hassan,46,Saudi Arabia
Ali Martinez,53,Saudi Arabia
Sara Davis,30,Saudi Arabia
Liam Brown,24,Saudi Arabia
Ali Brown,72,Saudi Arabia
Fatima Garcia,35,Saudi Arabia
Ali Davis,35,Saudi Arabia
John Smith,43,Saudi Arabia
Emma Jones,59,Saudi Arabia
Emma Martinez,47,Saudi Arabia
Emma Brown,31,Saudi Arabia
Sara Martinez,43,Saudi Arabia
Ali Davis,57,Saudi Arabia
Jane Lopez,31,Saudi Arabia
Liam Davis,76,Saudi Arabia
Ali Garcia,77,Saudi Arabia
Liam Johnson,74,Saudi Arabia
Emma Williams,79,Saudi Arabia
John Johnson,53,Saudi Arabia
Sara Garcia,46,Saudi Arabia
Michael Martinez,38,Saudi Arabia
Sophia Johnson,80,Saudi Arabia
Ahmed Lopez,59,Saudi Arabia
Sophia Jones,41,Saudi Arabia
Fatima Lopez,42,Saudi Arabia
Sophia Hassan,69,Saudi Arabia
Ali Garcia,76,Saudi Arabia
Liam Martinez,56,Saudi Arabia
Ali Lopez,19,Saudi Arabia
Fatima Johnson,71,Saudi Arabia
Michael Brown,69,Saudi Arabia
Liam Hassan,60,Saudi Arabia
Jane Jones,63,Saudi Arabia
Ahmed Johnson,66,Saudi Arabia
Sara Jones,64,Saudi Arabia
Sara Johnson,51,Saudi Arabia
Liam Williams,44,Saudi Arabia
Michael Jones,21,Saudi Arabia
Sara Brown,29,Saudi Arabia
John Martinez,53,Saudi Arabia
John Williams,43,Saudi Arabia
Sara Lopez,67,Saudi Arabia
Michael Lopez,32,Saudi Arabia
Sophia Martinez,74,Saudi Arabia
Sara Smith,50,Saudi Arabia
John Jones,40,Saudi Arabia
Fatima Lopez,41,Saudi Arabia
Emma Johnson,35,Saudi Arabia
Ahmed Williams,52,Saudi Arabia
Emma Williams,18,Saudi Arabia
Liam Hassan,29,Saudi Arabia
Emma Jones,38,Saudi Arabia
John Jones,36,Saudi Arabia
Liam Brown,78,Saudi Arabia
Liam Garcia,43,Saudi Arabia
Sophia Brown,42,Saudi Arabia
Emma Smith,36,Saudi Arabia
Ali Jones,43,Saudi Arabia
Ahmed Lopez,33,Saudi Arabia
Ahmed Garcia,20,Saudi Arabia
Fatima Smith,61,Saudi Arabia
Fatima Johnson,47,Saudi Arabia
Jane Garcia,51,Saudi Arabia
Liam Davis,63,Saudi Arabia
Emma Hassan,42,Saudi Arabia
Liam Martinez,70,Saudi Arabia
Sara Hassan,56,Saudi Arabia
Ahmed Smith,58,Saudi Arabia
Liam Jones,23,Saudi Arabia
Fatima Smith,73,Saudi Arabia
Ali Johnson,57,Saudi Arabia
Sara Smith,52,Saudi Arabia
Liam Brown,60,Saudi Arabia
Ali Hassan,22,Saudi Arabia
Emma Brown,74,Saudi Arabia
Liam Lopez,36,Saudi Arabia
Fatima Martinez,59,Saudi Arabia
Jane Johnson,57,Saudi Arabia
John Hassan,62,Saudi Arabia
Liam Garcia,36,Saudi Arabia
Sophia Johnson,22,Saudi Arabia
Sophia Johnson,57,Saudi Arabia
Michael Williams,24,Saudi Arabia
Liam Smith,40,Saudi Arabia
Sophia Martinez,75,Saudi Arabia
Michael Johnson,34,Saudi Arabia
Ahmed Martinez,25,Saudi Arabia
Ali Smith,27,Saudi Arabia
Jane Davis,80,Saudi Arabia
Ahmed Brown,64,Saudi Arabia
Michael Martinez,69,Saudi Arabia
John Lopez,47,Saudi Arabia
Ali Johnson,35,Saudi Arabia
Jane Smith,47,UK
Liam Garcia,37,Saudi Arabia
Sophia Lopez,23,Saudi Arabia
Ali Johnson,77,Saudi Arabia
Ali Smith,68,Saudi Arabia
John Brown,46,Saudi Arabia
Ahmed Davis,53,Saudi Arabia
John Garcia,57,Saudi Arabia
Jane Johnson,32,France
John Smith,45,Saudi Arabia
John Smith,80,Saudi Arabia
Sara Johnson,35,Saudi Arabia
Emma Davis,21,Saudi Arabia
Sara Johnson,23,Saudi Arabia
Sara Martinez,72,Saudi Arabia
Fatima Williams,69,Saudi Arabia
Fatima Garcia,25,Saudi Arabia
Ahmed Williams,22,Saudi Arabia
Liam Williams,54,Saudi Arabia
Fatima Brown,44,UK
Sara Jones,25,Saudi Arabia
Emma Jones,66,Saudi Arabia
Sophia Garcia,36,Saudi Arabia
Sophia Smith,77,Saudi Arabia
Sara Hassan,45,Saudi Arabia
Fatima Garcia,19,Saudi Arabia
Ali Hassan,68,Saudi Arabia
Liam Jones,58,Saudi Arabia
Liam Jones,34,Saudi Arabia
Sophia Jones,19,Saudi Arabia
Liam Davis,47,Saudi Arabia
Ahmed Davis,67,Saudi Arabia
Ali Lopez,41,Saudi Arabia
Ali Jones,41,Saudi Arabia
Sara Garcia,46,Saudi Arabia
Sara Davis,42,Saudi Arabia
Emma Davis,67,Saudi Arabia
Fatima Hassan,42,Saudi Arabia
Sophia Garcia,28,Saudi Arabia
Liam Davis,77,Saudi Arabia
Sara Lopez,56,Saudi Arabia
Liam Lopez,62,Saudi Arabia
Liam Garcia,23,Saudi Arabia
Liam Johnson,66,France
Liam Davis,26,Saudi Arabia
Sophia Hassan,55,Saudi Arabia
Ahmed Brown,38,Saudi Arabia
Emma Johnson,31,Saudi Arabia
John Hassan,28,Saudi Arabia
Sophia Martinez,44,Saudi Arabia
Liam Williams,65,Saudi Arabia
John Martinez,49,Saudi Arabia
Ahmed Williams,38,Saudi Arabia
Liam Davis,53,Saudi Arabia
Liam Jones,76,Saudi Arabia
Ali Garcia,76,Saudi Arabia
Jane Davis,76,Saudi Arabia
Sophia Jones,38,Saudi Arabia
Fatima Smith,23,Saudi Arabia
Fatima Martinez,80,Saudi Arabia
Fatima Jones,71,Saudi Arabia
Jane Johnson,19,Saudi Arabia
Ahmed Williams,79,Saudi Arabia
Liam Garcia,39,Saudi Arabia
Michael Smith,40,Saudi Arabia
Ali Williams,37,Saudi Arabia
Sara Lopez,43,Saudi Arabia
Ahmed Smith,24,Saudi Arabia
Sophia Martinez,50,Saudi Arabia
Sophia Williams,67,Saudi Arabia
Sara Brown,54,Saudi Arabia
Ahmed Smith,60,Saudi Arabia
Michael Garcia,38,Saudi Arabia
Sara Lopez,72,Saudi Arabia
Emma Williams,44,Saudi Arabia
Jane Brown,72,Saudi Arabia
Ahmed Jones,39,Saudi Arabia
Liam Hassan,75,Australia
Fatima Brown,38,Saudi Arabia
Ahmed Smith,77,Saudi Arabia
Jane Davis,29,Saudi Arabia
Ali Lopez,23,Saudi Arabia
Sara Hassan,44,Saudi Arabia
John Smith,78,Saudi Arabia
Ali Williams,76,Saudi Arabia
Ahmed Martinez,18,Canada
Ali Jones,77,India
Jane Hassan,64,Saudi Arabia
Ali Martinez,25,Saudi Arabia
Emma Garcia,41,India
Ali Smith,74,Saudi Arabia
Sophia Martinez,59,Saudi Arabia
John Garcia,48,Saudi Arabia
Ali Davis,66,UK
Sophia Garcia,66,Saudi Arabia
John Davis,68,India
Jane Brown,76,Saudi Arabia
Sara Garcia,46,UK
Jane Brown,35,Saudi Arabia
Jane Hassan,73,Saudi Arabia
Sophia Lopez,63,Saudi Arabia
Sara Martinez,40,Saudi Arabia
Emma Jones,53,Saudi Arabia
Fatima Lopez,25,France
Ahmed Garcia,29,Saudi Arabia
Michael Lopez,33,UK
Sophia Martinez,58,Saudi Arabia
Sophia Martinez,35,Saudi Arabia
Ahmed Hassan,77,Saudi Arabia
Ahmed Lopez,31,Saudi Arabia
Liam Jones,46,Saudi Arabia
Sophia Williams,34,Saudi Arabia
Michael Williams,45,Saudi Arabia
Sara Hassan,20,Saudi Arabia
Ali Jones,33,Saudi Arabia
Jane Williams,32,Saudi Arabia
Ahmed Jones,19,Saudi Arabia
Liam Martinez,19,Saudi Arabia
John Johnson,65,Saudi Arabia
Sophia Johnson,53,Saudi Arabia
John Lopez,24,Saudi Arabia
Fatima Smith,48,Saudi Arabia
Michael Williams,65,Saudi Arabia
Michael Hassan,35,Saudi Arabia
Jane Jones,45,Saudi Arabia
Sophia Martinez,39,Saudi Arabia
Jane Jones,54,Saudi Arabia
Michael Davis,40,Saudi Arabia
Liam Lopez,47,Saudi Arabia
Jane Smith,61,Saudi Arabia
John Lopez,24,Saudi Arabia
Sophia Jones,48,Saudi Arabia
Emma Jones,57,Saudi Arabia
John Smith,55,Saudi Arabia
Fatima Davis,22,Germany
Fatima Williams,57,Saudi Arabia
Michael Jones,46,Saudi Arabia
Emma Garcia,73,Saudi Arabia
Liam Lopez,31,Saudi Arabia
Sophia Garcia,26,Saudi Arabia
Sara Hassan,26,Saudi Arabia
Michael Hassan,34,Saudi Arabia
Ali Williams,25,Saudi Arabia
Ali Hassan,44,France
Fatima Hassan,31,Saudi Arabia
Sophia Smith,38,Saudi Arabia
John Martinez,33,Saudi Arabia
Sophia Johnson,50,Canada
Sophia Johnson,45,Saudi Arabia
Emma Hassan,28,Saudi Arabia
Ali Davis,51,Saudi Arabia
Emma Jones,23,Saudi Arabia
Ahmed Hassan,57,Saudi Arabia
Sophia Jones,52,Saudi Arabia
Fatima Brown,71,Saudi Arabia
Liam Lopez,48,Saudi Arabia
Jane Garcia,30,Saudi Arabia
Emma Brown,75,Germany
Liam Brown,73,Saudi Arabia
Jane Hassan,68,Saudi Arabia
Fatima Davis,69,Saudi Arabia
Michael Garcia,45,Saudi Arabia
John Garcia,74,Saudi Arabia
Ahmed Williams,19,Saudi Arabia
Jane Williams,61,Saudi Arabia
Emma Brown,55,Saudi Arabia
Liam Davis,34,Saudi Arabia
Sara Martinez,63,Saudi Arabia
John Brown,39,Saudi Arabia
Liam Brown,44,Saudi Arabia
Emma Johnson,58,Saudi Arabia
Emma Williams,29,Saudi Arabia
Fatima Williams,27,Saudi Arabia
Sara Smith,45,Saudi Arabia
Ahmed Johnson,44,Saudi Arabia
John Johnson,75,Saudi Arabia
Ali Hassan,50,Saudi Arabia
Jane Garcia,39,Saudi Arabia
Sophia Martinez,43,Saudi Arabia
Ahmed Smith,33,Saudi Arabia
Liam Williams,66,Saudi Arabia
Sara Williams,20,Saudi Arabia
Jane Lopez,79,Saudi Arabia
Emma Johnson,23,Saudi Arabia
Michael Davis,59,USA
Jane Hassan,75,Saudi Arabia
Liam Brown,44,Saudi Arabia
Fatima Smith,48,Saudi Arabia
Sophia Hassan,67,Saudi Arabia
Michael Jones,22,Saudi Arabia
John Lopez,59,Saudi Arabia
Michael Davis,54,Saudi Arabia
Ali Johnson,42,Saudi Arabia
Ahmed Smith,31,Saudi Arabia
Jane Jones,45,Saudi Arabia
Ali Davis,29,Saudi Arabia
Emma Martinez,61,Saudi Arabia
Jane Garcia,69,Saudi Arabia
Ali Williams,27,Saudi Arabia
Jane Martinez,45,Saudi Arabia
Sophia Martinez,74,Saudi Arabia
Ali Hassan,47,Saudi Arabia
Sophia Martinez,42,Saudi Arabia
Jane Hassan,18,Saudi Arabia
Ahmed Brown,34,Germany
Jane Martinez,21,Saudi Arabia
Emma Martinez,41,Saudi Arabia
Ali Lopez,41,Saudi Arabia
Ali Davis,48,Saudi Arabia
Ahmed Johnson,28,Saudi Arabia
Liam Jones,47,UK
Ali Martinez,35,Saudi Arabia
Sophia Lopez,51,Saudi Arabia
Ahmed Johnson,67,Saudi Arabia
Michael Martinez,43,Saudi Arabia
Emma Lopez,51,Saudi Arabia
Liam Martinez,58,Saudi Arabia
Fatima Garcia,30,Saudi Arabia
Michael Hassan,80,Saudi Arabia
John Hassan,22,Saudi Arabia
Liam Martinez,21,India
Ahmed Smith,36,Saudi Arabia
Ali Smith,73,Saudi Arabia
Ahmed Smith,44,Saudi Arabia
Sara Martinez,43,Saudi Arabia
Sophia Martinez,55,Saudi Arabia
Michael Smith,63,Saudi Arabia
Ahmed Johnson,48,Saudi Arabia
Michael Jones,79,Saudi Arabia
Michael Jones,74,Saudi Arabia
Ali Jones,19,Saudi Arabia
John Hassan,68,Saudi Arabia
Ahmed Brown,22,Saudi Arabia
Liam Martinez,18,Saudi Arabia
Liam Garcia,52,Saudi Arabia
Sara Brown,43,Saudi Arabia
Michael Hassan,30,Saudi Arabia
John Williams,25,Saudi Arabia
Sara Jones,28,Saudi Arabia
Fatima Garcia,53,Saudi Arabia
Liam Hassan,74,Saudi Arabia
Liam Jones,52,India
Emma Jones,57,Saudi Arabia
Ali Jones,72,UK
John Davis,72,Saudi Arabia
Sophia Hassan,24,Saudi Arabia
Sara Smith,39,Saudi Arabia
Liam Smith,20,Saudi Arabia
Ahmed Lopez,63,Saudi Arabia
Jane Davis,25,Saudi Arabia
Jane Brown,56,Saudi Arabia
Liam Williams,48,Saudi Arabia
Liam Martinez,47,Saudi Arabia
Sophia Lopez,27,Saudi Arabia
Michael Williams,66,Saudi Arabia
Sophia Hassan,24,Saudi Arabia
Emma Garcia,70,Saudi Arabia
Michael Garcia,45,Saudi Arabia
Ahmed Garcia,74,Saudi Arabia
Fatima Johnson,76,Saudi Arabia
Sophia Brown,53,Saudi Arabia
Sophia Hassan,18,Saudi Arabia
John Williams,68,Saudi Arabia
Fatima Johnson,37,Saudi Arabia
Liam Hassan,78,Saudi Arabia
John Brown,46,Saudi Arabia
Emma Garcia,52,Saudi Arabia
Ahmed Garcia,76,Saudi Arabia
Liam Martinez,44,Saudi Arabia
Emma Hassan,45,Saudi Arabia
Emma Williams,27,Saudi Arabia
Fatima Hassan,55,Australia
Jane Garcia,19,Saudi Arabia
Sophia Lopez,56,Saudi Arabia
Ali Smith,61,Saudi Arabia
John Lopez,61,Saudi Arabia
Jane Lopez,76,Saudi Arabia
Michael Brown,33,Saudi Arabia
Jane Garcia,23,Saudi Arabia
Ahmed Davis,52,Saudi Arabia
John Brown,77,Saudi Arabia
Jane Jones,21,Saudi Arabia
Sara Johnson,35,Saudi Arabia
Liam Martinez,77,Saudi Arabia
Ali Garcia,64,Saudi Arabia
Sophia Garcia,26,Saudi Arabia
John Martinez,59,Saudi Arabia
Ahmed Hassan,47,Saudi Arabia
Fatima Johnson,24,Saudi Arabia
John Smith,60,Saudi Arabia
Ahmed Jones,61,Saudi Arabia
Fatima Brown,63,Saudi Arabia
Sara Davis,77,Saudi Arabia
Emma Lopez,39,Saudi Arabia
Fatima Jones,75,Saudi Arabia
Jane Davis,37,Saudi Arabia
John Martinez,23,Saudi Arabia
Emma Brown,55,Saudi Arabia
Sophia Martinez,80,Saudi Arabia
Liam Martinez,20,USA
Ali Garcia,57,Saudi Arabia
John Williams,18,Saudi Arabia
Jane Smith,53,Saudi Arabia
Liam Brown,49,Saudi Arabia
Fatima Smith,57,Saudi Arabia
Michael Brown,67,Saudi Arabia
Jane Williams,33,Saudi Arabia
Ahmed Williams,77,Saudi Arabia
Emma Jones,37,Saudi Arabia
Fatima Hassan,53,Saudi Arabia
Ali Davis,40,Saudi Arabia
Ali Smith,50,Saudi Arabia
Liam Lopez,76,Saudi Arabia
Jane Johnson,70,Saudi Arabia
Jane Lopez,61,Saudi Arabia
Ali Jones,58,Saudi Arabia
Ali Davis,70,Saudi Arabia
Michael Davis,35,France
John Smith,25,India
Emma Garcia,44,Canada
Fatima Jones,80,Canada
Sophia Brown,43,Saudi Arabia
Ahmed Martinez,19,Saudi Arabia
Liam Williams,52,Saudi Arabia
Fatima Lopez,27,Saudi Arabia
Sophia Brown,53,Saudi Arabia
Sara Davis,70,Saudi Arabia
Fatima Lopez,20,Saudi Arabia
Fatima Davis,27,Saudi Arabia
Michael Williams,68,Saudi Arabia
Ahmed Lopez,37,Saudi Arabia
Emma Lopez,38,Saudi Arabia
Ali Garcia,52,Saudi Arabia
John Davis,31,Saudi Arabia
Emma Martinez,28,Saudi Arabia
Fatima Johnson,79,Saudi Arabia
Ali Johnson,52,Saudi Arabia
Ali Garcia,49,Saudi Arabia
John Martinez,67,Saudi Arabia
Ali Smith,66,Saudi Arabia
Ali Garcia,42,Saudi Arabia
Sophia Williams,53,Saudi Arabia
John Hassan,72,Saudi Arabia
Michael Martinez,33,Saudi Arabia
Ahmed Williams,40,Saudi Arabia
Jane Johnson,60,India
Ahmed Davis,26,Saudi Arabia
Sophia Martinez,48,Saudi Arabia
Fatima Hassan,27,Saudi Arabia
Jane Brown,18,France
Sophia Williams,59,Saudi Arabia
Michael Hassan,30,Saudi Arabia
Emma Johnson,71,Saudi Arabia
Michael Brown,38,Saudi Arabia
Ali Jones,47,Saudi Arabia
Fatima Smith,69,Saudi Arabia
Emma Lopez,48,Saudi Arabia
Michael Jones,27,Saudi Arabia
Emma Davis,48,Saudi Arabia
Emma Jones,51,Saudi Arabia
Emma Davis,18,Saudi Arabia
Ahmed Jones,44,Saudi Arabia
Emma Williams,78,Saudi Arabia
Sara Smith,30,Saudi Arabia
Michael Smith,65,Saudi Arabia
Liam Jones,74,Saudi Arabia
Fatima Smith,51,Saudi Arabia
Jane Lopez,33,Saudi Arabia
Ahmed Hassan,47,Saudi Arabia
Sophia Brown,32,Saudi Arabia
Michael Jones,27,Saudi Arabia
Emma Jones,32,Saudi Arabia
Sara Jones,69,Saudi Arabia
Ali Jones,40,Saudi Arabia
Liam Lopez,59,Saudi Arabia
Fatima Johnson,80,Saudi Arabia
Emma Garcia,56,Saudi Arabia
John Williams,41,Saudi Arabia
Fatima Brown,80,Saudi Arabia
Liam Garcia,55,Saudi Arabia
Sara Smith,72,Saudi Arabia
Ahmed Williams,50,Saudi Arabia
Jane Martinez,60,Saudi Arabia
Emma Martinez,20,Saudi Arabia
Emma Williams,48,Saudi Arabia
Sophia Jones,73,Saudi Arabia
Sara Hassan,72,Saudi Arabia
Emma Brown,21,Canada
Sophia Williams,59,Saudi Arabia
Sophia Jones,37,Saudi Arabia
Fatima Johnson,44,Saudi Arabia
Liam Johnson,29,Saudi Arabia
Sophia Lopez,41,Saudi Arabia
Emma Jones,18,Saudi Arabia
Liam Davis,21,Saudi Arabia
Sara Garcia,55,Saudi Arabia
Ahmed Jones,19,Saudi Arabia
Ali Garcia,59,Saudi Arabia
Michael Martinez,58,Saudi Arabia
Fatima Davis,27,Saudi Arabia
Ali Davis,58,Saudi Arabia
Ali Johnson,51,Saudi Arabia
John Garcia,44,Saudi Arabia
Ali Garcia,19,Saudi Arabia
John Jones,68,Saudi Arabia
Ali Jones,35,Saudi Arabia
John Hassan,35,Saudi Arabia
Michael Hassan,49,Canada
Liam Smith,75,Saudi Arabia
Michael Brown,55,Saudi Arabia
Michael Smith,62,Saudi Arabia
Emma Williams,71,Saudi Arabia
Ahmed Williams,33,Saudi Arabia
Michael Jones,33,Saudi Arabia
Jane Davis,33,Saudi Arabia
Sophia Garcia,20,Saudi Arabia
John Smith,24,Australia
Ali Brown,52,Saudi Arabia
Michael Lopez,53,Saudi Arabia
Michael Johnson,56,Saudi Arabia
Liam Smith,77,Saudi Arabia
John Garcia,32,Saudi Arabia
Emma Garcia,66,Saudi Arabia
Sara Martinez,70,Saudi Arabia
John Martinez,65,Saudi Arabia
Ahmed Martinez,42,Saudi Arabia
Liam Martinez,66,Saudi Arabia
Ahmed Johnson,78,Saudi Arabia
Liam Johnson,21,Saudi Arabia
Michael Martinez,29,Saudi Arabia
Fatima Hassan,69,Saudi Arabia
Liam Hassan,54,Saudi Arabia
Sara Martinez,28,Saudi Arabia
Ahmed Williams,26,Saudi Arabia
Ahmed Johnson,67,Saudi Arabia
Ahmed Johnson,79,Saudi Arabia
Ahmed Lopez,18,Saudi Arabia
Ali Brown,58,Saudi Arabia
Ali Brown,46,Saudi Arabia
Michael Brown,70,Saudi Arabia
Ali Martinez,69,Saudi Arabia
Liam Johnson,23,Saudi Arabia
Sara Martinez,32,Saudi Arabia
Ali Johnson,45,Saudi Arabia
Sophia Jones,24,Saudi Arabia
Fatima Smith,26,Saudi Arabia
Sara Lopez,28,Saudi Arabia
Fatima Hassan,44,Saudi Arabia
Emma Martinez,70,Saudi Arabia
Fatima Williams,59,Saudi Arabia
Sara Lopez,72,Saudi Arabia
Michael Brown,69,Saudi Arabia
Fatima Hassan,62,Saudi Arabia
Ali Martinez,78,Saudi Arabia
Liam Lopez,44,Saudi Arabia
Sophia Johnson,45,Saudi Arabia
Fatima Hassan,53,Saudi Arabia
Emma Smith,23,Saudi Arabia
Michael Brown,33,Saudi Arabia
Fatima Williams,39,Saudi Arabia
Michael Smith,66,Saudi Arabia
Jane Johnson,71,Saudi Arabia
Sara Smith,26,Saudi Arabia
Sophia Lopez,31,Saudi Arabia
Sophia Johnson,54,Saudi Arabia
Ahmed Martinez,36,UK
Jane Lopez,23,Saudi Arabia
Ali Smith,51,France
Liam Smith,51,Saudi Arabia
Ahmed Martinez,36,Saudi Arabia
Ahmed Smith,47,Saudi Arabia
Jane Martinez,24,Australia
Michael Williams,50,Saudi Arabia
Liam Garcia,43,Saudi Arabia
Ali Lopez,64,Saudi Arabia
Ali Davis,47,Saudi Arabia
Jane Lopez,47,UK
Jane Smith,45,Saudi Arabia
Sara Jones,60,Saudi Arabia
Ali Garcia,57,Saudi Arabia
John Williams,67,Saudi Arabia
John Hassan,68,Saudi Arabia
Michael Davis,68,Saudi Arabia
Liam Jones,31,Saudi Arabia
Liam Hassan,41,Saudi Arabia
Jane Brown,44,Saudi Arabia
Michael Garcia,18,Saudi Arabia
Emma Jones,50,Saudi Arabia
Emma Jones,38,Saudi Arabia
Michael Hassan,41,Saudi Arabia
Fatima Davis,66,Saudi Arabia
Jane Brown,71,Saudi Arabia
John Garcia,65,Saudi Arabia
Fatima Hassan,57,Saudi Arabia
Michael Martinez,41,Saudi Arabia
Michael Martinez,41,Saudi Arabia
Ali Davis,43,Saudi Arabia
Jane Lopez,62,Saudi Arabia
Jane Hassan,40,Saudi Arabia
Ali Williams,55,UK
Ali Johnson,18,Saudi Arabia
Fatima Davis,22,Saudi Arabia
Liam Garcia,24,Saudi Arabia
Jane Lopez,57,Saudi Arabia
Fatima Davis,21,Saudi Arabia
Ali Martinez,44,Saudi Arabia
Fatima Davis,76,Saudi Arabia
Sara Lopez,73,Saudi Arabia
Liam Lopez,67,Saudi Arabia
Ahmed Davis,74,Saudi Arabia
Liam Hassan,62,Saudi Arabia
John Jones,59,Saudi Arabia
Sara Davis,73,Saudi Arabia
Michael Martinez,68,Saudi Arabia
John Smith,54,Saudi Arabia
John Garcia,61,Saudi Arabia
Fatima Johnson,58,Saudi Arabia
Fatima Martinez,32,Canada
Emma Williams,61,Saudi Arabia
Jane Jones,35,Saudi Arabia
John Jones,52,Saudi Arabia
Fatima Garcia,51,Saudi Arabia
Sara Hassan,52,Saudi Arabia
Fatima Garcia,49,Saudi Arabia
Jane Johnson,30,Saudi Arabia
Michael Davis,23,Saudi Arabia
Jane Davis,25,Saudi Arabia
Ali Davis,26,Saudi Arabia
Emma Garcia,51,Saudi Arabia
Ahmed Smith,57,Saudi Arabia
Ahmed Brown,37,Saudi Arabia
Fatima Brown,71,Saudi Arabia
John Brown,51,Saudi Arabia
Sara Brown,37,Saudi Arabia
Sophia Davis,40,Saudi Arabia
Emma Lopez,60,Saudi Arabia
Jane Johnson,63,Saudi Arabia
Emma Davis,24,Saudi Arabia
John Garcia,27,Saudi Arabia
Fatima Davis,55,Saudi Arabia
Fatima Johnson,57,Saudi Arabia
John Brown,27,Saudi Arabia
Ali Brown,59,Saudi Arabia
Fatima Garcia,79,Saudi Arabia
John Jones,76,Saudi Arabia
Fatima Lopez,44,Saudi Arabia
Ali Garcia,57,UK
Liam Smith,71,Saudi Arabia
Emma Hassan,35,Saudi Arabia
Emma Garcia,59,France
Jane Johnson,29,Saudi Arabia
Emma Smith,66,Saudi Arabia
Emma Lopez,46,Saudi Arabia
Sara Williams,25,Saudi Arabia
Sara Martinez,59,Saudi Arabia
Fatima Smith,62,Saudi Arabia
Michael Smith,22,Saudi Arabia
Jane Hassan,22,Saudi Arabia
Ali Jones,68,Saudi Arabia
Ahmed Brown,75,Saudi Arabia
Jane Brown,70,USA
Michael Johnson,62,Saudi Arabia
Emma Smith,47,Saudi Arabia
Emma Johnson,56,Saudi Arabia
Ahmed Davis,56,Saudi Arabia
Fatima Hassan,78,Saudi Arabia
Michael Lopez,31,Saudi Arabia
Sara Martinez,79,Saudi Arabia
Jane Lopez,19,Saudi Arabia
Emma Lopez,34,Saudi Arabia
Ahmed Brown,61,Saudi Arabia
Emma Lopez,47,Saudi Arabia
John Williams,65,Saudi Arabia
Jane Williams,68,Saudi Arabia
Ali Smith,19,Saudi Arabia
Sophia Martinez,42,Saudi Arabia
Ali Johnson,70,Saudi Arabia
Fatima Smith,27,Saudi Arabia
Ali Williams,24,Saudi Arabia
Jane Jones,48,Saudi Arabia
Liam Brown,50,Saudi Arabia
Liam Martinez,18,Saudi Arabia
Sara Jones,43,Saudi Arabia
Sara Williams,75,Saudi Arabia
Sara Jones,67,Saudi Arabia
John Jones,19,Saudi Arabia
Liam Williams,71,Australia
Sara Garcia,38,Saudi Arabia
Ali Lopez,75,Saudi Arabia
Ahmed Brown,41,Saudi Arabia
Ahmed Johnson,18,Saudi Arabia
Liam Lopez,18,Saudi Arabia
Sophia Brown,36,Saudi Arabia
Emma Smith,37,Saudi Arabia
Sophia Hassan,66,Saudi Arabia
Emma Garcia,54,Saudi Arabia
John Garcia,66,Saudi Arabia
Jane Davis,78,Saudi Arabia
Liam Martinez,58,USA
Jane Hassan,67,Saudi Arabia
Ali Williams,39,Saudi Arabia
Fatima Lopez,25,Saudi Arabia
Michael Smith,73,Saudi Arabia
Jane Martinez,43,Australia
Jane Smith,45,Saudi Arabia
Fatima Hassan,67,Saudi Arabia
Michael Johnson,36,Saudi Arabia
Emma Davis,52,Saudi Arabia
Jane Garcia,77,Saudi Arabia
Fatima Hassan,70,Saudi Arabia
Sara Williams,54,France
Ali Jones,78,Saudi Arabia
Sara Johnson,22,Saudi Arabia
Jane Jones,50,Saudi Arabia
John Smith,66,Saudi Arabia
Liam Smith,32,Saudi Arabia
Jane Williams,39,Saudi Arabia
John Johnson,65,Saudi Arabia
John Davis,61,Saudi Arabia
Sara Williams,60,Saudi Arabia
Ahmed Martinez,66,Saudi Arabia
Fatima Williams,53,Saudi Arabia
Emma Martinez,25,Saudi Arabia
Emma Martinez,71,Saudi Arabia
Fatima Martinez,33,Saudi Arabia
Sophia Lopez,74,Saudi Arabia
Jane Martinez,19,Saudi Arabia
Sophia Martinez,29,Saudi Arabia
Liam Brown,45,Saudi Arabia
Sophia Jones,59,Saudi Arabia
Sara Johnson,38,Saudi Arabia
John Garcia,53,Germany
Sophia Smith,43,Saudi Arabia
Sophia Jones,22,Saudi Arabia
John Smith,76,Saudi Arabia
Michael Martinez,32,Saudi Arabia
Michael Smith,57,Saudi Arabia
Sara Garcia,37,Australia
John Garcia,78,Saudi Arabia
Michael Williams,34,Saudi Arabia
Liam Lopez,23,Saudi Arabia
Fatima Jones,31,Saudi Arabia
Liam Brown,51,Saudi Arabia
Ahmed Hassan,80,Saudi Arabia
Liam Davis,46,Saudi Arabia
Liam Lopez,43,Saudi Arabia
Liam Johnson,52,Saudi Arabia
Fatima Jones,41,Australia
Liam Martinez,40,Saudi Arabia
Emma Martinez,78,Saudi Arabia
Fatima Lopez,60,Saudi Arabia
John Johnson,32,Canada
Liam Johnson,54,Saudi Arabia
John Johnson,55,Saudi Arabia
Liam Johnson,70,Saudi Arabia
Emma Jones,70,Saudi Arabia
Liam Davis,57,Saudi Arabia
Michael Hassan,54,Saudi Arabia
Fatima Martinez,26,Canada
Sara Davis,60,Saudi Arabia
Ahmed Smith,63,Saudi Arabia
Fatima Davis,32,Saudi Arabia
John Williams,61,Saudi Arabia
Sara Davis,23,Saudi Arabia
Emma Lopez,53,Saudi Arabia
John Davis,65,Saudi Arabia
Sara Hassan,66,Saudi Arabia
Sophia Davis,36,France
Ali Williams,43,Saudi Arabia
John Lopez,78,Saudi Arabia
Ali Smith,57,Saudi Arabia
John Martinez,61,Canada
Liam Smith,67,Saudi Arabia
Ali Smith,74,Saudi Arabia
Emma Brown,69,Saudi Arabia
Sara Smith,21,Saudi Arabia
Ali Johnson,44,Saudi Arabia
Ahmed Garcia,30,USA
Fatima Davis,77,Saudi Arabia
Michael Smith,32,Saudi Arabia
John Lopez,56,Australia
Ali Davis,75,Saudi Arabia
Jane Williams,18,Saudi Arabia
Emma Lopez,34,Saudi Arabia
Fatima Brown,70,Saudi Arabia
Ali Garcia,77,Germany
John Davis,21,Saudi Arabia
Sophia Williams,45,Saudi Arabia
Jane Williams,28,Saudi Arabia
John Williams,70,Saudi Arabia
Fatima Williams,68,Saudi Arabia
Sara Garcia,23,Saudi Arabia
Emma Smith,26,Saudi Arabia
Sara Martinez,62,Saudi Arabia
Ahmed Johnson,32,Saudi Arabia
Ahmed Martinez,26,Saudi Arabia
John Brown,75,Saudi Arabia
Fatima Lopez,32,Saudi Arabia
Sophia Jones,64,Saudi Arabia
John Davis,41,Saudi Arabia
Sophia Williams,62,Saudi Arabia
Sophia Williams,47,Australia
Sophia Garcia,30,Saudi Arabia
Sophia Smith,38,Saudi Arabia
Jane Johnson,31,Saudi Arabia
John Garcia,79,Saudi Arabia
Emma Davis,52,India
Jane Garcia,70,Saudi Arabia
Michael Brown,53,Saudi Arabia
Ali Williams,76,Saudi Arabia
Sophia Hassan,41,Saudi Arabia
Sophia Johnson,58,USA
Liam Jones,47,Saudi Arabia
Jane Smith,25,Saudi Arabia
Liam Johnson,31,Saudi Arabia
Emma Lopez,65,Saudi Arabia
Jane Davis,54,Saudi Arabia
Sophia Jones,51,Saudi Arabia
John Jones,59,Saudi Arabia
Liam Smith,67,Saudi Arabia
Emma Brown,38,Saudi Arabia
John Jones,28,Saudi Arabia
Jane Williams,62,Saudi Arabia
Sophia Martinez,24,Saudi Arabia
Ahmed Garcia,79,Saudi Arabia
Sophia Johnson,74,Saudi Arabia
Ahmed Hassan,43,Saudi Arabia
Ali Brown,41,Saudi Arabia
Michael Martinez,37,Saudi Arabia
Sophia Johnson,56,Saudi Arabia
Michael Williams,59,Saudi Arabia
Emma Williams,72,Saudi Arabia
Fatima Williams,26,Saudi Arabia
Fatima Davis,23,Saudi Arabia
Jane Williams,52,Canada
Ali Lopez,77,Saudi Arabia
Liam Hassan,21,Saudi Arabia
Ahmed Williams,52,Saudi Arabia
Ali Johnson,56,Saudi Arabia
Michael Smith,56,Saudi Arabia
Emma Johnson,33,Saudi Arabia
Ahmed Davis,30,Saudi Arabia
Sophia Jones,42,Saudi Arabia
Ali Davis,27,Saudi Arabia
Emma Garcia,22,Saudi Arabia
Liam Jones,29,Saudi Arabia
Michael Jones,46,Saudi Arabia
John Johnson,33,Saudi Arabia
Ahmed Johnson,80,Saudi Arabia
Sara Lopez,53,Saudi Arabia
Jane Davis,74,UK
Fatima Brown,24,Saudi Arabia
Michael Jones,30,Saudi Arabia
Jane Lopez,39,Saudi Arabia
Ali Davis,73,Saudi Arabia
John Hassan,63,Saudi Arabia
Ahmed Johnson,63,Saudi Arabia
Jane Williams,30,Saudi Arabia
Sophia Jones,27,Saudi Arabia
Michael Lopez,61,USA
Jane Martinez,65,Saudi Arabia
Liam Hassan,63,Saudi Arabia
Sara Garcia,70,Saudi Arabia
John Jones,66,Saudi Arabia
Jane Lopez,30,Saudi Arabia
Michael Garcia,70,Saudi Arabia
John Jones,59,Saudi Arabia
Michael Johnson,29,Saudi Arabia
Michael Jones,22,Saudi Arabia
Liam Smith,28,Saudi Arabia
Jane Brown,20,Saudi Arabia
John Smith,38,Saudi Arabia
Liam Johnson,20,Saudi Arabia
Ahmed Garcia,74,Saudi Arabia
John Johnson,36,Saudi Arabia
Michael Jones,35,Saudi Arabia
Ali Johnson,66,Saudi Arabia
Ahmed Garcia,23,Saudi Arabia
Michael Smith,68,Saudi Arabia
Fatima Smith,35,Saudi Arabia
Jane Williams,51,Saudi Arabia
John Lopez,66,Saudi Arabia
Michael Martinez,64,UK
Sophia Lopez,30,Saudi Arabia
Sara Davis,25,Saudi Arabia
Ahmed Brown,40,Saudi Arabia
John Jones,41,Saudi Arabia
Emma Jones,23,Saudi Arabia
John Jones,22,Saudi Arabia
Emma Brown,76,Saudi Arabia
John Lopez,77,Saudi Arabia
Fatima Davis,19,Saudi Arabia
Emma Hassan,55,Saudi Arabia
Ali Williams,48,Saudi Arabia
Sara Johnson,30,Saudi Arabia
Michael Brown,21,Saudi Arabia
Fatima Jones,78,Saudi Arabia
Sara Jones,43,Saudi Arabia
Sara Williams,69,Saudi Arabia
Liam Williams,32,Saudi Arabia
John Hassan,56,Saudi Arabia
Liam Hassan,51,Saudi Arabia
Ahmed Hassan,51,Saudi Arabia
Sara Brown,59,Saudi Arabia
Emma Hassan,53,Saudi Arabia
Liam Smith,62,Saudi Arabia
Ahmed Martinez,59,Saudi Arabia
Ali Garcia,21,Saudi Arabia
Jane Hassan,68,Saudi Arabia
Jane Johnson,53,Saudi Arabia
Jane Garcia,64,Saudi Arabia
Liam Williams,69,Saudi Arabia
Liam Brown,27,Germany
Emma Hassan,21,Saudi Arabia
John Jones,52,Saudi Arabia
Emma Brown,59,Saudi Arabia
Sophia Hassan,70,Saudi Arabia
Sophia Johnson,27,Saudi Arabia
Sara Williams,43,Saudi Arabia
Emma Davis,73,Saudi Arabia
Ali Williams,44,Saudi Arabia
Emma Williams,32,Saudi Arabia
Sophia Williams,54,Saudi Arabia
Jane Davis,25,Saudi Arabia
Sara Garcia,44,Saudi Arabia
Ali Smith,50,France
Sophia Smith,40,Saudi Arabia
Jane Hassan,44,Saudi Arabia
Sara Lopez,39,Saudi Arabia
John Lopez,77,Saudi Arabia
Liam Jones,43,Saudi Arabia
Jane Williams,33,Saudi Arabia
Liam Lopez,58,Saudi Arabia
Fatima Williams,46,Saudi Arabia
John Brown,25,Saudi Arabia
Emma Jones,69,Saudi Arabia
Ali Williams,21,Saudi Arabia
Fatima Johnson,44,Saudi Arabia
Sara Martinez,29,Saudi Arabia
Sara Hassan,64,Saudi Arabia
Fatima Johnson,60,Saudi Arabia
Ali Davis,34,Saudi Arabia
Sara Davis,42,Saudi Arabia
Liam Garcia,68,Saudi Arabia
Fatima Davis,29,Saudi Arabia
Ali Williams,21,Saudi Arabia
Ahmed Smith,58,Saudi Arabia
Ahmed Davis,35,Saudi Arabia
Fatima Hassan,67,Saudi Arabia
Sara Johnson,59,Saudi Arabia
Sophia Smith,36,Saudi Arabia
Emma Garcia,63,Saudi Arabia
Liam Brown,19,Saudi Arabia
Sophia Hassan,76,Saudi Arabia
Sara Lopez,57,Saudi Arabia
Emma Johnson,46,Saudi Arabia
Ali Davis,31,Saudi Arabia
John Garcia,19,Saudi Arabia
Jane Lopez,39,Saudi Arabia
Jane Smith,34,Saudi Arabia
Michael Johnson,44,France
Sophia Davis,75,Saudi Arabia
Michael Davis,46,Saudi Arabia
Ali Lopez,64,Saudi Arabia
Michael Martinez,47,Saudi Arabia
Michael Jones,22,Saudi Arabia
Fatima Johnson,64,Saudi Arabia
Ahmed Jones,21,Saudi Arabia
Michael Garcia,75,Saudi Arabia
Sara Williams,59,Saudi Arabia
Emma Hassan,71,Saudi Arabia
Sara Garcia,33,Saudi Arabia
Jane Brown,71,Saudi Arabia
Sophia Williams,36,USA
Sophia Brown,59,Saudi Arabia
Jane Smith,75,Saudi Arabia
Sara Davis,50,Saudi Arabia
Ali Garcia,58,Saudi Arabia
Jane Davis,48,India
Emma Johnson,71,Saudi Arabia
Ali Johnson,43,Saudi Arabia
Michael Smith,71,Saudi Arabia
Michael Garcia,64,Saudi Arabia
Sara Davis,42,Germany
Sara Jones,36,Saudi Arabia
John Johnson,20,Saudi Arabia
Emma Jones,26,Saudi Arabia
Jane Brown,30,Saudi Arabia
Michael Johnson,46,Saudi Arabia
Emma Johnson,61,Saudi Arabia
